SET NAMES utf8mb4;
SET FOREIGN_KEY_CHECKS = 0;

DROP TABLE IF EXISTS `output_goods_category`;
CREATE TABLE `output_goods_category`  (
  `category_id` bigint(20) NOT NULL AUTO_INCREMENT COMMENT '分类id',
  `category_level` tinyint(4) NOT NULL DEFAULT 0 COMMENT '分类级别(1-一级分类 2-二级分类)',
  `parent_id` bigint(20) NOT NULL DEFAULT 0 COMMENT '父分类id',
  `category_name` varchar(50) CHARACTER SET utf8 COLLATE utf8_general_ci NOT NULL DEFAULT '' COMMENT '分类名称',
  `category_rank` int(11) NOT NULL DEFAULT 0 COMMENT '排序值(字段越大越靠前)',
  `is_deleted` tinyint(4) NOT NULL DEFAULT 0 COMMENT '删除标识字段(0-未删除 1-已删除)',
  `create_time` datetime(0) NOT NULL DEFAULT CURRENT_TIMESTAMP COMMENT '创建时间',
  `create_user` int(11) NOT NULL DEFAULT 0 COMMENT '创建者id',
  `update_time` datetime(0) NOT NULL DEFAULT CURRENT_TIMESTAMP COMMENT '修改时间',
  `update_user` int(11) NULL DEFAULT 0 COMMENT '修改者id',
  PRIMARY KEY (`category_id`) USING BTREE
) ENGINE = InnoDB AUTO_INCREMENT = 107 CHARACTER SET = utf8 COLLATE = utf8_general_ci ROW_FORMAT = Dynamic;


INSERT INTO `output_goods_category` VALUES (1, 1, 0, '外设', 100, 0, '2019-09-11 18:45:40', 0, '2019-09-11 18:45:40', 0);
INSERT INTO `output_goods_category` VALUES (2, 1, 0, '周边', 100, 0, '2019-09-11 18:45:40', 0, '2019-09-11 18:45:40', 0);
INSERT INTO `output_goods_category` VALUES (10, 2, 1, '键盘', 10, 0, '2019-09-11 18:46:32', 0, '2019-09-11 18:46:32', 0);
INSERT INTO `output_goods_category` VALUES (11, 2, 1, '鼠标', 9, 0, '2019-09-11 18:46:43', 0, '2019-09-11 18:46:43', 0);



DROP TABLE IF EXISTS `output_goods_info`;
CREATE TABLE `output_goods_info`  (
  `goods_id` bigint(20) UNSIGNED NOT NULL AUTO_INCREMENT COMMENT '商品表主键id',
  `goods_name` varchar(200) CHARACTER SET utf8 COLLATE utf8_general_ci NOT NULL DEFAULT '' COMMENT '商品名',
  `goods_intro` varchar(200) CHARACTER SET utf8 COLLATE utf8_general_ci NOT NULL DEFAULT '' COMMENT '商品简介',
  `goods_category_id` bigint(20) NOT NULL DEFAULT 0 COMMENT '关联分类id',
  `goods_cover_img` varchar(200) CHARACTER SET utf8 COLLATE utf8_general_ci NOT NULL DEFAULT '/admin/dist/img/no-img.png' COMMENT '商品主图',
  `goods_detail_content` text CHARACTER SET utf8 COLLATE utf8_general_ci NOT NULL COMMENT '商品详情',
  `original_price` int(11) NOT NULL DEFAULT 1 COMMENT '商品价格',
  `selling_price` int(11) NOT NULL DEFAULT 1 COMMENT '商品实际售价',
  `stock_num` int(11) NOT NULL DEFAULT 0 COMMENT '商品库存数量',
  `tag` varchar(20) CHARACTER SET utf8 COLLATE utf8_general_ci NOT NULL DEFAULT '' COMMENT '商品标签',
  `goods_sell_status` tinyint(4) NOT NULL DEFAULT 0 COMMENT '商品上架状态 0-下架 1-上架',
  `create_user` int(11) NOT NULL DEFAULT 0 COMMENT '添加者主键id',
  `create_time` datetime(0) NOT NULL DEFAULT CURRENT_TIMESTAMP COMMENT '商品添加时间',
  `update_user` int(11) NOT NULL DEFAULT 0 COMMENT '修改者主键id',
  `update_time` datetime(0) NOT NULL DEFAULT CURRENT_TIMESTAMP COMMENT '商品修改时间',
  PRIMARY KEY (`goods_id`) USING BTREE
) ENGINE = InnoDB AUTO_INCREMENT = 10896 CHARACTER SET = utf8 COLLATE = utf8_general_ci ROW_FORMAT = Dynamic;


INSERT INTO `output_goods_info` (`goods_id`, `goods_name`, `goods_intro`, `goods_category_id`, `goods_cover_img`, `goods_detail_content`, `original_price`, `selling_price`, `stock_num`, `tag`, `goods_sell_status`, `create_user`, `create_time`, `update_user`, `update_time`)
VALUES
	(10003,'output键盘1','滋润型 400ml',10,'/goods-img/87446ec4-e534-4b49-9f7d-9bea34665284.jpg','<p>一款键盘</p>',100,100,1000,'',1,0,'2019-09-18 13:18:47',0,'2020-10-13 10:41:59'),
	(10004,'output键盘2','120g',10,'/goods-img/45854bdd-2ca5-423c-a609-3d336d9322b4.jpg','<p>一款键盘.</p>',45,45,999,'',0,0,'2019-09-18 13:18:47',0,'2020-10-13 10:41:59'),
	(10005,'output键盘3','120g',10,'/goods-img/45854bdd-2ca5-423c-a609-3d336d9322b4.jpg','<p>一款键盘.</p>',45,45,999,'',0,0,'2019-09-18 13:18:47',0,'2020-10-13 10:41:59'),
	(10006,'output键盘4','120g',10,'/goods-img/45854bdd-2ca5-423c-a609-3d336d9322b4.jpg','<p>一款键盘.</p>',45,45,999,'',0,0,'2019-09-18 13:18:47',0,'2020-10-13 10:41:59'),

DROP TABLE IF EXISTS `output_order`;
CREATE TABLE `output_order`  (
  `order_id` bigint(20) NOT NULL AUTO_INCREMENT COMMENT '订单表主键id',
  `order_no` varchar(20) CHARACTER SET utf8 COLLATE utf8_general_ci NOT NULL DEFAULT '' COMMENT '订单号',
  `user_id` bigint(20) NOT NULL DEFAULT 0 COMMENT '用户主键id',
  `total_price` int(11) NOT NULL DEFAULT 1 COMMENT '订单总价',
  `pay_status` tinyint(4) NOT NULL DEFAULT 0 COMMENT '支付状态:0.未支付,1.支付成功,-1:支付失败',
  `pay_type` tinyint(4) NOT NULL DEFAULT 0 COMMENT '0.无 1.支付宝支付 2.微信支付',
  `pay_time` datetime(0) NULL DEFAULT NULL COMMENT '支付时间',
  `order_status` tinyint(4) NOT NULL DEFAULT 0 COMMENT '订单状态:0.待支付 1.已支付 2.配货完成 3:出库成功 4.交易成功 -1.手动关闭 -2.超时关闭 -3.商家关闭',
  `extra_info` varchar(100) CHARACTER SET utf8 COLLATE utf8_general_ci NOT NULL DEFAULT '' COMMENT '订单body',
  `user_name` varchar(30) CHARACTER SET utf8 COLLATE utf8_general_ci NOT NULL DEFAULT '' COMMENT '收货人姓名',
  `user_phone` varchar(11) CHARACTER SET utf8 COLLATE utf8_general_ci NOT NULL DEFAULT '' COMMENT '收货人手机号',
  `user_address` varchar(100) CHARACTER SET utf8 COLLATE utf8_general_ci NOT NULL DEFAULT '' COMMENT '收货人收货地址',
  `is_deleted` tinyint(4) NOT NULL DEFAULT 0 COMMENT '删除标识字段(0-未删除 1-已删除)',
  `create_time` datetime(0) NOT NULL DEFAULT CURRENT_TIMESTAMP COMMENT '创建时间',
  `update_time` datetime(0) NOT NULL DEFAULT CURRENT_TIMESTAMP COMMENT '最新修改时间',
  PRIMARY KEY (`order_id`) USING BTREE
) ENGINE = InnoDB AUTO_INCREMENT = 21 CHARACTER SET = utf8 COLLATE = utf8_general_ci ROW_FORMAT = Dynamic;

INSERT INTO `output_order` VALUES (1, '15688187285093508', 1, 2492, 1, 2, '2019-09-18 23:00:18', -1, '', '', '', 'xafsdufhpwe', 0, '2019-09-18 22:53:07', '2019-09-18 22:55:32');
INSERT INTO `output_order` VALUES (2, '15688188616936181', 1, 135, 1, 1, '2019-09-18 23:01:06', 1, '', '', '', 'xafsdufhpwe', 0, '2019-09-18 22:55:20', '2019-09-18 23:01:06');
INSERT INTO `output_order` VALUES (3, '15689089426956979', 1, 15487, 1, 1, '2019-09-20 00:16:03', 3, '', '', '', '杭州市西湖区xx小区x幢419 十三 137xxxx2703', 0, '2019-09-19 23:56:40', '2019-09-20 00:10:39');
INSERT INTO `output_order` VALUES (4, '15689090398492576', 1, 8499, 0, 0, NULL, 0, '', '', '', '杭州市西湖区xx小区x幢419 十三 137xxxx2703', 0, '2019-09-19 23:58:18', '2019-09-19 23:58:18');
INSERT INTO `output_order` VALUES (5, '15689096266448452', 1, 115, 1, 2, '2019-09-20 00:13:52', 1, '', '', '', '杭州市西湖区xx小区x幢419 十三 137xxxx2703', 0, '2019-09-20 00:08:04', '2019-09-20 00:13:52');

DROP TABLE IF EXISTS `output_order_item`;
CREATE TABLE `output_order_item`  (
  `order_item_id` bigint(20) NOT NULL AUTO_INCREMENT COMMENT '订单关联购物项主键id',
  `order_id` bigint(20) NOT NULL DEFAULT 0 COMMENT '订单主键id',
  `goods_id` bigint(20) NOT NULL DEFAULT 0 COMMENT '关联商品id',
  `goods_name` varchar(200) CHARACTER SET utf8 COLLATE utf8_general_ci NOT NULL DEFAULT '' COMMENT '下单时商品的名称(订单快照)',
  `goods_cover_img` varchar(200) CHARACTER SET utf8 COLLATE utf8_general_ci NOT NULL DEFAULT '' COMMENT '下单时商品的主图(订单快照)',
  `selling_price` int(11) NOT NULL DEFAULT 1 COMMENT '下单时商品的价格(订单快照)',
  `goods_count` int(11) NOT NULL DEFAULT 1 COMMENT '数量(订单快照)',
  `create_time` datetime(0) NOT NULL DEFAULT CURRENT_TIMESTAMP COMMENT '创建时间',
  PRIMARY KEY (`order_item_id`) USING BTREE
) ENGINE = InnoDB AUTO_INCREMENT = 35 CHARACTER SET = utf8 COLLATE = utf8_general_ci ROW_FORMAT = Dynamic;


INSERT INTO `output_order_item` VALUES (1, 1, 10003, 'Apple AirPods 配充电盒', '/goods-img/64768a8d-0664-4b29-88c9-2626578ffbd1.jpg', 1246, 2, '2019-09-18 22:53:07');
INSERT INTO `output_order_item` VALUES (2, 2, 10004, 'MUJI 羽毛 靠垫', '/goods-img/0f701215-b782-40c7-8bbd-97b51be56461.jpg', 65, 1, '2019-09-18 22:55:20');
INSERT INTO `output_order_item` VALUES (3, 2, 10005, '无印良品 女式粗棉线条纹长袖T恤', 'http://localhost:28089/goods-img/5488564b-8335-4b0c-a5a4-52f3f03ee728.jpg', 70, 1, '2019-09-18 22:55:20');
INSERT INTO `output_order_item` VALUES (4, 3, 10004, '华为 HUAWEI P30 Pro', '/goods-img/dda1d575-cdac-4eb4-a118-3834490166f7.jpg', 5488, 1, '2019-09-19 23:56:40');
INSERT INTO `output_order_item` VALUES (5, 3, 10005, 'Apple iPhone 11 Pro', '/goods-img/0025ad55-e260-4a00-be79-fa5b8c5ac0de.jpg', 9999, 1, '2019-09-19 23:56:40');


DROP TABLE IF EXISTS `output_shopping_cart_item`;
CREATE TABLE `output_shopping_cart_item`  (
  `cart_item_id` bigint(20) NOT NULL AUTO_INCREMENT COMMENT '购物项主键id',
  `user_id` bigint(20) NOT NULL COMMENT '用户主键id',
  `goods_id` bigint(20) NOT NULL DEFAULT 0 COMMENT '关联商品id',
  `goods_count` int(11) NOT NULL DEFAULT 1 COMMENT '数量(最大为5)',
  `is_deleted` tinyint(4) NOT NULL DEFAULT 0 COMMENT '删除标识字段(0-未删除 1-已删除)',
  `create_time` datetime(0) NOT NULL DEFAULT CURRENT_TIMESTAMP COMMENT '创建时间',
  `update_time` datetime(0) NOT NULL DEFAULT CURRENT_TIMESTAMP COMMENT '最新修改时间',
  PRIMARY KEY (`cart_item_id`) USING BTREE
) ENGINE = InnoDB AUTO_INCREMENT = 69 CHARACTER SET = utf8 COLLATE = utf8_general_ci ROW_FORMAT = Dynamic;


DROP TABLE IF EXISTS `output_user`;
CREATE TABLE `output_user`  (
  `user_id` bigint(20) NOT NULL AUTO_INCREMENT COMMENT '用户主键id',
  `nick_name` varchar(50) CHARACTER SET utf8 COLLATE utf8_general_ci NOT NULL DEFAULT '' COMMENT '用户昵称',
  `login_name` varchar(11) CHARACTER SET utf8 COLLATE utf8_general_ci NOT NULL DEFAULT '' COMMENT '登陆名称(默认为手机号)',
  `password_md5` varchar(32) CHARACTER SET utf8 COLLATE utf8_general_ci NOT NULL DEFAULT '' COMMENT 'MD5加密后的密码',
  `introduce_sign` varchar(100) CHARACTER SET utf8 COLLATE utf8_general_ci NOT NULL DEFAULT '' COMMENT '个性签名',
  `address` varchar(100) CHARACTER SET utf8 COLLATE utf8_general_ci NOT NULL DEFAULT '' COMMENT '收货地址',
  `is_deleted` tinyint(4) NOT NULL DEFAULT 0 COMMENT '注销标识字段(0-正常 1-已注销)',
  `locked_flag` tinyint(4) NOT NULL DEFAULT 0 COMMENT '锁定标识字段(0-未锁定 1-已锁定)',
  `create_time` datetime(0) NOT NULL DEFAULT CURRENT_TIMESTAMP COMMENT '注册时间',
  PRIMARY KEY (`user_id`) USING BTREE
) ENGINE = InnoDB AUTO_INCREMENT = 9 CHARACTER SET = utf8 COLLATE = utf8_general_ci ROW_FORMAT = Dynamic;

INSERT INTO `output_user` VALUES (1, '热寂', '15070455790', 'e10adc3949ba59abbe56e057f20f883e', '朝闻道', '湖北武汉 中国地质大学 15070455790', 0, 0, '2023-04-22 08:44:57');
INSERT INTO `output_user` VALUES (6, '测试用户1', '13711113333', 'dda01dc6d334badcd031102be6bee182', '测试用户1', '上海浦东新区XX路XX号 999 137xxxx7797', 0, 0, '2019-08-29 10:51:39');
INSERT INTO `output_user` VALUES (7, '测试用户2测试用户2测试用户2测试用户2', '13811113333', 'dda01dc6d334badcd031102be6bee182', '测试用户2', '杭州市西湖区xx小区x幢419 十三 137xxxx2703', 0, 0, '2019-08-29 10:55:08');
INSERT INTO `output_user` VALUES (8, '测试用户3', '13911113333', 'dda01dc6d334badcd031102be6bee182', '测试用户3', '杭州市西湖区xx小区x幢419 十三 137xxxx2703', 0, 0, '2019-08-29 10:55:16');